,block_height,no_nodes,no_edges,value_transacted,total_density,nodes_self,selfloop_value,old_nodes_in,ratio_oldin_totalin,value_to_old,old_density
0,392193.0,7892.0,9048.0,3412606742913.0,0.00014528924667525598,1289.0,80196332742.30952,5896.0,0.6515637086970936,513118554332.0564,0.00016583986215534346
1,378283.0,6087.0,11636.0,2070242068900.0,0.00031410038071579146,1046.0,132209784464.78204,4982.0,0.42811721233995015,839929672885.262,0.00028232627142144083
2,348164.0,5431.0,7712.0,1423580677573.0,0.0002615094507250343,417.0,30120138633.36667,1480.0,0.1918838324906003,516688281740.11554,7.40370206641363e-05
3,343468.0,2186.0,4399.0,519686695994.0,0.0009209845888439225,323.0,18972568531.142857,2046.0,0.465,252289728757.86264,0.0009161678895981047
4,429579.0,2886.0,4363.0,530412754000.0,0.0005240142155220145,422.0,158984316321.91666,1893.0,0.4337763519706691,322802640726.5634,0.0004949291099382619
5,377357.0,1812.0,4204.0,307624563465.0,0.001281108945455964,143.0,15665047112.0,2962.0,0.7043995243757432,156616455491.97522,0.001651191998026419
6,423440.0,7010.0,9881.0,2326456285103.0,0.00020110683044766774,721.0,363401543179.3439,4344.0,0.4395871281117183,1220043979395.1274,0.00020089346616576322
7,397331.0,2727.0,7723.0,662497035863.0,0.0010389031077233427,511.0,53194503441.55556,4739.0,0.6135422061108234,340286566425.09924,0.001153605418951983
8,441878.0,8426.0,11836.0,1088852468223.0,0.00016672993933571445,441.0,38555905158.043304,4990.0,0.4215595167694517,364652615736.2103,0.0002053089659169606
9,393243.0,8038.0,26187.0,241267752968.0,0.00040536269442804386,246.0,3906336610.333333,19336.0,0.7383534443256453,60967508054.07784,0.0003656112407552301
10,344604.0,1708.0,3404.0,261484449882.0,0.0011675303098276967,202.0,24161011840.363636,1773.0,0.520704845814978,133367831624.47757,0.0012721621336583193
11,387615.0,1.0,0.0,0.0,0.0,0.0,0.0,0.0,0.0,0.0,0.0
12,383013.0,2195.0,11459.0,1296172232761.0,0.0023794444571340768,548.0,39587078982.35714,3213.0,0.28036649214659687,604913142016.2952,0.0015048250996692436
13,418856.0,10186.0,12741.0,2300247607850.0,0.00012281143629810993,806.0,339199155261.78815,6657.0,0.5224454559723748,1026809866771.0812,8.151058034374287e-05
14,352860.0,5340.0,12706.0,1907467877188.0,0.00044566412231947374,871.0,85100731152.16666,5919.0,0.46580624852443536,895725186432.6477,0.00040238407225206695
15,363562.0,1635.0,2623.0,327154306667.0,0.0009818123289876066,145.0,11244812966.833334,611.0,0.23285060975609756,84676534522.01904,0.0005773076241600807
16,420400.0,472.0,527.0,225221814463.0,0.002370542300910432,50.0,7861936513.0,304.0,0.5757575757575758,82904551134.7651,0.002715290140439841
17,383537.0,1554.0,4256.0,160368798054.0,0.0017635149637725298,158.0,23774808368.7381,1938.0,0.45525017618040875,79244103799.88095,0.0012093007739524954
18,393266.0,6092.0,12183.0,1158431480474.0,0.0003283263586103217,1162.0,20935058442.09877,5286.0,0.43384766907419564,439724019475.7197,0.0003001591300728879
19,424499.0,7432.0,11429.0,344341447841.0,0.00020694515846469253,917.0,41497452863.28432,6043.0,0.5286964129483814,149634014797.98108,0.000174004329404601
20,374836.0,1.0,0.0,0.0,0.0,0.0,0.0,0.0,0.0,0.0,0.0
21,343093.0,282.0,346.0,47492069750.0,0.0043663713687186086,35.0,2011715219.0,169.0,0.48703170028818443,20683325909.02941,0.004264782836211407
22,446007.0,8546.0,10939.0,751783477010.0,0.00014979684513246523,501.0,86708677163.2864,4941.0,0.4516453382084095,318403461777.17145,0.00015454675715931445
23,411194.0,6678.0,11108.0,1613942660218.0,0.0002491197045298565,949.0,197723846380.8021,4714.0,0.42434062471869655,782215641070.5398,0.00023857691838668221
24,433212.0,5831.0,25370.0,172313737274.0,0.0007462921458708453,391.0,20089685486.75392,11976.0,0.4720350005912262,98372716831.65277,0.0006338396899623286
25,382014.0,4774.0,11878.0,3644709984657.0,0.0005212780906704387,1950.0,205140713463.24997,6004.0,0.5054297499789545,1911733443559.5874,0.0005540473677576414
26,388159.0,6984.0,29343.0,4559337701124.0,0.0006016698383359096,1353.0,301334163043.12317,7537.0,0.2568497818974918,1804730257538.1772,0.00027287277993960515
27,430661.0,6762.0,14236.0,579521098056.0,0.00031138800349500003,640.0,44252639777.70765,3974.0,0.27913183957294374,250932125796.9665,0.00019676827115850065
28,388167.0,2090.0,3233.0,3069798237397.0,0.0007404930359756391,411.0,98399750903.0,1838.0,0.5683364254792826,1696088809165.8616,0.0009149464493534772
29,433225.0,7917.0,10913.0,867229363229.0,0.00017413165380616722,597.0,77713055277.40479,4796.0,0.43943558731903976,370358026500.87976,0.0001545371669648088
30,358987.0,5570.0,7763.0,2082481825922.0,0.00025026330355942567,1105.0,392800161260.5,3496.0,0.4502833590932509,1163079623540.5918,0.0002997508769462228
31,362509.0,812.0,1611.0,267949145743.0,0.0024463503671803342,231.0,16359456534.666668,702.0,0.43548387096774194,64922719154.333336,0.002043520177913421
32,343633.0,4923.0,16997.0,871077037342.0,0.0007014566378300595,942.0,71822732708.09048,3818.0,0.2246146605482998,336279873293.11505,0.00037669188611856195
33,382034.0,6669.0,9677.0,4580230773047.0,0.00021761279772835356,1157.0,112594609737.64175,4324.0,0.44678652614176484,1687887201829.2363,0.0002042489625457248
34,418110.0,4760.0,7306.0,555662753909.0,0.00032252026677449716,499.0,106513542429.92029,4461.0,0.6105104694128918,313110528047.26526,0.00039090751256069985
35,344148.0,2633.0,8069.0,478634522279.0,0.0011643484554814565,325.0,133167741410.0,4374.0,0.5420074349442379,323540085753.3175,0.0012148908863398897
36,406613.0,3688.0,9247.0,1703529837829.0,0.000680043678116287,870.0,272382458197.82855,2751.0,0.297469723183391,817133751421.0271,0.0004474158756081794
37,405078.0,2185.0,6864.0,534482481423.99994,0.0014383785550833605,635.0,41698457868.568184,2007.0,0.2923525127458121,233716307219.21356,0.0010442762415908986
38,422487.0,4063.0,8210.0,747913165451.0,0.0004974579957011389,2188.0,136505025300.83334,5322.0,0.6481549141395688,402261352646.29376,0.0006456337265471641
39,347736.0,8217.0,50780.0,657352971905.0,0.0007521751459527882,370.0,20179934925.333332,41812.0,0.8233788227880506,160867327722.29654,0.0009670707637623487
40,417372.0,6693.0,11586.0,1908296460719.0,0.0002586763753585769,486.0,86584469597.29546,3734.0,0.32225770259773884,878371744197.4158,0.0001494451766242945
41,350301.0,1222.0,1766.0,211022878388.0,0.0011835969282777794,94.0,26754178174.772728,1052.0,0.5953593661573288,107674271506.86137,0.0012176710686535666
42,443998.0,7156.0,9354.0,2255189715153.0,0.00018269110204100766,708.0,109848136020.62172,4053.0,0.4332442544094067,852251157077.8713,0.0001975481724441067
43,441443.0,7908.0,10046.0,1064980177694.0,0.00016066259390349585,624.0,68621842199.509125,4170.0,0.4150492684383398,437033649033.1041,0.00017013048900965644
44,416868.0,5683.0,7731.0,1557686060595.0,0.00023941799408785274,934.0,195025970629.82278,3836.0,0.496120020693223,730643182492.0862,0.0002982659061821862
45,417381.0,6693.0,8782.0,2614963469086.0,0.00019607249511470934,1216.0,429454696957.9573,4403.0,0.5013093476033246,1359302495754.3525,0.00023523281365178618
46,381030.0,5889.0,16650.0,3542116487163.0,0.00048018090101663383,1403.0,148326034335.0595,5503.0,0.33049066122154824,1456363474649.0386,0.00034817676280177244
47,400743.0,7360.0,15649.0,3637083407874.0,0.00028892822748837567,1125.0,271485847769.5976,7766.0,0.49623003194888177,1940667568774.4,0.0002611776046393065
48,440433.0,5482.0,12835.0,326598130133.0,0.00042716635578541,674.0,16801141544.304657,8637.0,0.6728731692115923,201951756371.03876,0.0004877804780869622
49,388542.0,3516.0,14897.0,2805552960998.0,0.001205381778401358,1124.0,114891011657.3393,3307.0,0.22197610417505706,1215558719904.7822,0.0006932077806939379
50,420982.0,946.0,2149.0,282700823429.0,0.0024038837992326366,325.0,57951452885.60596,1199.0,0.5576744186046512,184763702511.78326,0.0025194146909489437
51,440441.0,6727.0,10050.0,1232218929287.0,0.00022212005436438059,751.0,27533746380.55641,5556.0,0.5527808178290717,144283406170.3304,0.0002509923303678513
52,395899.0,6203.0,11451.0,1171887634465.0,0.00029765273099434934,843.0,68361312135.809235,5616.0,0.4903946908836884,730269595169.5139,0.0003170088206354689
53,422526.0,4747.0,6209.0,361174854188.0,0.0002755971322984304,559.0,69844349989.5,2121.0,0.34154589371980676,207732951646.3598,0.00013983661367573502
54,438914.0,8199.0,10022.0,927550779052.0,0.00014910273094848113,564.0,106518315392.74545,3410.0,0.3402174997505737,374340205158.75793,0.00014844403051117973
55,418411.0,9065.0,11596.0,1779287281828.0,0.00014113037691401074,603.0,186607028132.45807,3668.0,0.3162886953522463,1077048075597.5995,0.00016186105519202458
56,434820.0,5906.0,9714.0,1984531514744.0,0.0002785381934816787,533.0,110179412737.23645,3672.0,0.3779722079258878,979000835622.739,0.0002125910321395379
57,429190.0,2970.0,3817.0,555732016531.0,0.0004328680313860509,248.0,105662740397.75,1329.0,0.34808800419067576,354140157986.8943,0.0003695659127056819
58,424129.0,6968.0,11869.0,1347765388887.0,0.0002444894802576753,1137.0,592582563203.3925,7928.0,0.6679022746419545,1216434927180.6318,0.00024077086826724417
59,449673.0,8374.0,12236.0,588607142473.0,0.0001745120501312249,416.0,58676587875.91667,5308.0,0.4337664460243524,238949759310.1975,0.00022222132311446548
60,433298.0,7020.0,10280.0,1510747122005.0,0.00020863192255128428,1081.0,81371068209.02463,4546.0,0.44217488571150665,754945475980.1718,0.00020965934585097064
61,343187.0,3559.0,7894.0,499221476843.0,0.0006233948215111805,265.0,13930521324.02381,3205.0,0.4059531348955035,200644188298.27557,0.00034731702877351746
62,390804.0,3.0,2.0,22090000.0,0.3333333333333333,1.0,11045000.0,2.0,0.6666666666666666,22090000.0,0.3333333333333333
63,422551.0,6829.0,8397.0,3155890625250.0,0.00018008333631434843,1167.0,506822326213.8714,4400.0,0.523934270064301,1479784949265.098,0.00020791058021189218
64,430237.0,5543.0,15126.0,576491310489.0,0.0004923939362432211,594.0,98535435074.3587,3242.0,0.21431876776624578,389325922556.4996,0.00015312869969791234
65,442014.0,8086.0,10594.0,1440579023787.0,0.00016204894477747026,379.0,97008392926.65884,4154.0,0.39207173194903255,593761201922.3191,0.00016764401198712494
66,343201.0,4069.0,4500.0,1198370428242.0,0.0002718591030389498,459.0,67508324387.33333,2109.0,0.46856254165740946,462802328010.5065,0.00034668683840595005
67,391843.0,2267.0,3754.0,335064399154.0,0.0007307735882774105,609.0,18884970093.13095,2151.0,0.5728362183754994,150093017601.32983,0.0008347671687054627
68,405943.0,2998.0,4278.0,1426859216790.0,0.0004761265601825975,248.0,37467012594.028564,2172.0,0.5075952325309652,1062214831636.9126,0.00021378656084231905
69,396463.0,867.0,1232.0,172556683491.0,0.0016408682750372258,156.0,14580753475.5,686.0,0.5563665855636658,83340976918.74405,0.0018007997669553242
70,359600.0,211.0,1074.0,13408271246.0,0.024238320920785376,270.0,4174784881.754902,733.0,0.6818604651162791,7602207510.5,0.03545750024623264
71,402611.0,5623.0,11129.0,1321408268919.0,0.00035204421946175354,866.0,39839493573.62399,5291.0,0.47538185085354895,463941636849.97546,0.00028302992766805426
72,405179.0,7795.0,18501.0,2509399440478.0,0.00030452200612204286,1049.0,195799227583.92535,6761.0,0.36541995459950277,1082562752052.0302,0.0002500682563670693
73,404668.0,5283.0,14315.0,1932389131296.0002,0.0005129940699103947,920.0,146784319649.6161,4588.0,0.320480581167924,835856738074.31,0.0003377919713659786
74,359101.0,4492.0,25081.0,1024185959722.0,0.0012432602416666716,1014.0,104246856528.26073,7240.0,0.2886532174467746,418892232492.16455,0.0009304766712777133
75,389408.0,4713.0,11382.0,356900693568.0,0.0005125259505100404,1007.0,14918034578.651724,4226.0,0.37125538083106385,169248769655.34845,0.0003472369894668198
76,345794.0,2859.0,9573.0,2002404479713.9998,0.0011715792712343694,320.0,55102405837.21429,1978.0,0.20660121161479006,999823554996.0801,0.0005393733868122481
77,347331.0,1180.0,2744.0,43178258499.0,0.0019723695749054786,77.0,5972985012.5,410.0,0.1493624772313297,19577448806.585716,0.0003962354680887882
78,396918.0,2899.0,6446.0,85473572359.0,0.0007672620267668035,399.0,5111456621.585874,2733.0,0.4239181014425314,46342205922.43161,0.0003993151544775382
79,363208.0,5681.0,13726.0,1737583644721.9998,0.00042537392990224396,862.0,92625027148.63333,9065.0,0.660377358490566,807743724524.6304,0.00023608558183625813
80,379081.0,2580.0,5926.0,341538623559.0,0.0008906162174510281,463.0,16329025042.606733,2325.0,0.392272650582082,156880899609.44147,0.0008384426550288771
81,396493.0,5908.0,17195.0,1176957806893.0,0.0004927137959519013,1121.0,70763192414.9877,8543.0,0.4968015817632007,553462601051.5607,0.0005762281284264821
82,415950.0,6287.0,14966.0,4305084049262.0,0.0003786935462330265,750.0,140535319325.714,11572.0,0.773167635464689,1531273601867.1538,0.0005547680299609738
83,411345.0,7856.0,11130.0,2256698814835.0,0.000180363020686812,1319.0,132191743204.20216,5316.0,0.4775851226304914,833760024393.1448,0.00022798852124250886
84,357588.0,304.0,892.0,54001791678.0,0.00968386312315442,64.0,6388859798.333333,240.0,0.2687569988801792,25571444444.833336,0.005527684875510962
85,393944.0,2202.0,3996.0,340768934661.0,0.0008244951823978945,265.0,81935429275.13817,3283.0,0.8213660245183888,264271113446.79077,0.0008400808461567076
86,375066.0,5486.0,14003.0,2214216366221.0,0.0004653595744334381,1053.0,245278644577.2246,6134.0,0.43801770922593547,936048998960.8608,0.00041974719087024766
87,423643.0,7145.0,10534.0,2377821407893.0,0.0002063714592229274,1184.0,523907858655.8059,5694.0,0.540484100616991,1401935300665.1497,0.0002611131950173879
88,359134.0,4812.0,20942.0,618832080364.0,0.0009046012419930566,675.0,62266585151.50009,3195.0,0.15255694026643749,199366819152.25055,0.0002212696349416155
89,358949.0,4627.0,14313.0,1774614733758.0,0.0006686911005918287,1079.0,98443109804.46753,4305.0,0.3007545060779656,589902870194.9077,0.0004782832864841283
90,444129.0,5421.0,9663.0,573724497841.0,0.00032887683608435423,700.0,30467344783.500004,5533.0,0.5725372516556292,402114683865.33014,0.0003137047707891326
91,445563.0,8441.0,10262.0,1118241261069.0,0.0001440441626882105,481.0,97039226033.50854,3542.0,0.34512325830653806,465808214300.82983,0.00016056788430411192
92,440548.0,7282.0,13536.0,684449137713.0,0.00025529872157128216,489.0,125268122564.13333,3360.0,0.2482086134298589,316040178788.5879,0.0001767462117415905
93,424166.0,7749.0,9433.0,1734499630660.0,0.0001571138827645621,1004.0,357244426113.24524,3803.0,0.40311638753444984,922792274415.6376,0.0001729355814958928
94,373174.0,1622.0,3811.0,167486187935.0,0.0014494561591807892,227.0,8964747046.5,948.0,0.24868835257082897,49152737447.87338,0.0008048289738430583
95,371944.0,324.0,584.0,30182547342.0,0.005580399801246035,50.0,2389830639.5000005,270.0,0.46153846153846156,4429695814.633333,0.006108324043106652
96,395172.0,9189.0,37297.0,295460018320.0,0.00044175824352838446,1215.0,29671797801.9,28650.0,0.7681377017534452,130247331597.98604,0.0004776243831224564
97,353514.0,1619.0,3273.0,397598946653.0,0.0012494550574107992,146.0,15106104745.5,1095.0,0.3344532681734881,140975929823.27032,0.0008018489693882364
98,406254.0,6683.0,11513.0,3933354809411.0,0.00025781641921321494,1181.0,1005006733753.4009,5783.0,0.502258120548897,2630701799707.9326,0.00029524704776826656
99,371440.0,4149.0,12011.0,1174322764738.0,0.0006979060841884731,1214.0,81929128945.09045,7073.0,0.5888278388278388,630001917435.3885,0.0007399061628872633
100,370728.0,5020.0,10677.0,433094453643.0,0.0004237681670210967,374.0,15056786969.104168,5627.0,0.5269713429481176,203297610324.88654,0.0003593050231975451
101,346355.0,1625.0,5104.0,318857364770.0,0.001934065934065934,218.0,17480675951.785713,1265.0,0.24779627815866798,126777642281.80954,0.0011681156840054202
102,420596.0,6805.0,10433.0,1856572489118.0,0.00022532883582765205,1029.0,269032121348.59933,4026.0,0.3858539390454284,767454569282.7178,0.00021649276279286553
103,406775.0,4841.0,13700.0,1190639363691.0,0.0005847094634159666,1199.0,232821819137.43292,4756.0,0.3471279468651923,662374008260.1694,0.00048659464507479444
104,355882.0,2379.0,6514.0,639805420312.0,0.001151440396432055,339.0,42920041802.83333,1773.0,0.2721412125863392,253016809415.60986,0.0006825013551470951
105,384254.0,5113.0,16208.0,2060618768152.0005,0.0006201015117805514,791.0,71113247423.05237,4591.0,0.28323770744648036,867902502935.8099,0.00037938211982322843
106,419583.0,6659.0,17834.0,1391116207810.0,0.0004022499109181326,1070.0,403299421421.386,9005.0,0.504906083543594,952347649359.4417,0.00039755853858925425
107,392963.0,5388.0,15243.0,1315851425842.0,0.0005251651360633514,1123.0,67220263523.33838,6140.0,0.40278142219889795,545107414541.18445,0.0004738342073784276
108,439045.0,8005.0,10093.0,1892538600609.0,0.00015752585918158972,673.0,250176500023.2605,4200.0,0.4160887656033287,1027422517384.6034,0.00016381775441981768
109,405772.0,1980.0,10493.0,404834849694.0001,0.002677865057854952,459.0,141173902770.3024,7912.0,0.7539546407470936,333614654945.8885,0.003923612145033698
110,370635.0,890.0,5042.0,388719429888.0,0.006372518041986325,155.0,6564045424.833334,700.0,0.1388062661114416,35952964419.45476,0.002908779622819507
111,368112.0,6396.0,9681.0,284120674869.0,0.00023668526214341352,298.0,63007465067.809525,5843.0,0.6034910142532535,109916069692.98904,0.0002149515080516017
112,369796.0,4515.0,9752.0,1215842425689.9998,0.0004784916717817976,798.0,56055917515.40476,3560.0,0.3650158925458833,543337058712.3649,0.0004012115712876084
113,349466.0,4741.0,29405.0,2243497788009.0,0.0013084974684434286,936.0,63813233935.37459,11956.0,0.40658369040331904,733963855098.9949,0.00041463342501404785
114,402204.0,7319.0,16526.0,2796292852564.0,0.0003085486113053361,997.0,78371143386.14166,5125.0,0.3100986264899861,962959540117.8105,0.0002459572568865767
115,413470.0,6898.0,9775.0,8950413696064.0,0.00020546286990620762,1246.0,748766610198.5645,4946.0,0.5059328968903437,3856075491779.7295,0.00023126632694778047
116,443679.0,7739.0,10380.0,1073975432964.0,0.00017333400885726765,462.0,67626398024.52381,4074.0,0.392447741065408,440348081507.08325,0.00019204433996656642
117,418080.0,8605.0,14726.0,1152175125826.0,0.0001988994214006917,990.0,202025584635.58005,7984.0,0.5421334962993142,584715656335.709,0.00014545802506050218
118,396581.0,2260.0,3116.0,1099103072542.0,0.000610341328883091,290.0,12098910978.575756,1608.0,0.5158806544754572,497594890364.10645,0.0007194736938153549
119,366374.0,8568.0,15717.0,1046352245312.0,0.00021412206764344585,470.0,119222670391.32738,8626.0,0.5487975569410867,629482176608.0984,0.00015198430815256212
120,349234.0,2636.0,7567.0,494827485948.0,0.0010894259314181396,523.0,21054440714.166664,3201.0,0.42296511627906974,116940850411.45494,0.0010185973878478138
121,357678.0,4405.0,15745.0,759862671102.0,0.0008116138357349268,577.0,61413150806.73333,4163.0,0.26438460561412425,310839664859.21155,0.00033691216668040144
122,434479.0,8457.0,9895.0,1815540868966.0,0.00013836762724983386,708.0,175292453844.9275,3274.0,0.33084074373484235,892312181514.8793,0.0001379073505969901
123,386353.0,1.0,0.0,0.0,0.0,0.0,0.0,0.0,0.0,0.0,0.0
124,355635.0,2338.0,8202.0,502830619663.0,0.0015011239212387622,488.0,28872411966.833332,2277.0,0.2775813726685359,168082136639.57855,0.0010086474454865872
125,447710.0,6631.0,8887.0,730497315445.0,0.00020214482322051936,627.0,72305789505.10965,4713.0,0.5302655265526552,336852977201.28394,0.0002005287199198299
126,414519.0,7301.0,12742.0,1108899958313.0,0.00023907402438772695,1054.0,125587815820.16312,3917.0,0.30738444636270895,362526815107.2096,0.0002068277238626196
127,448999.0,8451.0,12953.0,1645128485421.9998,0.00018138674811075893,463.0,275850188736.3343,6643.0,0.5128145746487571,781091405917.8096,0.00024927171988347517
128,372542.0,7584.0,34125.0,505553480999.9999,0.0005933805130396607,322.0,46638534886.54219,28987.0,0.8494110062708785,202883228295.58496,0.0006562818959678727
129,428865.0,8121.0,10964.0,2715321304945.0,0.00016626601470492788,912.0,237635776312.70236,5256.0,0.47934336525307797,1341266702451.0664,0.00023900987001474353
130,424775.0,11725.0,15541.0,1545100810254.0,0.00011305513665769703,821.0,119047555917.95941,9032.0,0.5811349890618968,566690871764.2056,0.00011562913778215946
131,427848.0,1340.0,1638.0,178703867649.0,0.0009129111722938704,185.0,50950334533.530304,762.0,0.4649176327028676,89546065906.23117,0.0009594315686069919
132,383306.0,1852.0,3405.0,1540869591111.0,0.0009932754812354073,281.0,42429278875.16667,1961.0,0.5757486788021139,708059221201.7454,0.0011323272655681736
133,449357.0,8717.0,11400.0,436039406480.0,0.00015004467382736007,382.0,67663328635.27381,3782.0,0.3317252872555039,177536915523.83368,0.0001521881159778696
134,411984.0,6668.0,9799.0,3532398997725.0,0.00022042239219772665,1283.0,205539387925.08484,5517.0,0.5629591836734694,1737367053270.6833,0.00020102432821370166
135,437074.0,6235.0,13144.0,1249014024484.0,0.0003381616038904021,401.0,57542465631.402626,2803.0,0.21323697223278812,505800723872.5619,0.0001982298822055348
136,392085.0,6002.0,7667.0,1824016002439.0,0.0002128657775075919,902.0,191272430704.0,3596.0,0.46896191966614503,834715701531.1277,0.00022750735308439977
137,443194.0,3422.0,8092.0,903345809314.0,0.0006912303438845334,122.0,42209184310.4,5462.0,0.6749042382305697,446717230005.4806,0.0010006453369740783
138,364897.0,4274.0,23027.0,218759984074.0,0.0012608689509966762,126.0,3954822474.8190475,19309.0,0.8385009553586937,117470234198.43288,0.0001577803332146535
139,425319.0,3699.0,4170.0,209990070364.0,0.00030484902954930153,119.0,80221061742.83333,468.0,0.11220330855909853,159064770384.16425,3.938879479816092e-05
140,401769.0,8766.0,15161.0,975384327599.0001,0.000197321523976563,493.0,47607998324.666664,7341.0,0.4841709537000396,407118929187.8755,9.202343678343441e-05
141,421853.0,7604.0,10571.0,2627899112447.0,0.00018284747783949454,1108.0,804558989340.1208,4135.0,0.3911275066212637,1565530412038.2795,0.0001896563128998422
142,399847.0,7543.0,9960.0,4701079111630.0,0.00017507684133112822,1020.0,74438310831.50153,5110.0,0.5130007027406887,2177725616005.6157,0.00019648670373327288
143,394607.0,6429.0,15342.0,2689080590874.0,0.000371246770646736,870.0,30625304919.666668,4810.0,0.31349801212279216,1265573372330.173,0.00022084510518810598
144,363379.0,1361.0,1136.0,448506740615.0,0.0006137355750529455,200.0,27851262884.833336,487.0,0.4283201407211961,161715638863.0,0.0006219534001414944
145,422773.0,4612.0,5511.0,1274768421979.0,0.0002591468833813632,524.0,504038798466.73334,1734.0,0.31458635703918725,1029853050687.084,0.00011763870146698007
146,439670.0,5533.0,9912.0,346902281192.0,0.0003238310229335876,605.0,29160988167.907143,4288.0,0.4325633007162312,149345908260.50955,0.0002458376443404078
147,359287.0,5039.0,12972.0,1446246284878.0,0.0005109806077108281,1044.0,120449621212.06648,3832.0,0.29538271795267096,591416432514.1577,0.00035895003162555344
148,430539.0,2537.0,4379.0,2153569836513.0,0.0006806208181997914,460.0,906411337104.8939,1928.0,0.44018264840182647,1905666909948.6743,0.000681581182339092
149,381820.0,6707.0,18395.0,5369883655931.0,0.00040898552424696084,1135.0,269514938658.40076,7384.0,0.4013916068710589,2270521424739.334,0.00042588147344929623
150,444287.0,8651.0,9647.0,1627160482496.0,0.00012891690158443376,538.0,146130142475.225,3535.0,0.3663971807628524,760905210583.1788,0.00012980726421029293
151,369027.0,1880.0,6104.0,456426455732.00006,0.001727944923170994,227.0,59783488055.0,4600.0,0.7534807534807535,301223603463.6443,0.0021773331115283157
152,359830.0,3294.0,5716.0,54796823190.0,0.0005269590828625642,195.0,19629710211.248405,5145.0,0.8999475249256603,41364232568.45224,0.0005433093342636937
153,383371.0,2759.0,7489.0,1196057755624.0,0.0009841875531091996,474.0,38617758970.690475,1646.0,0.21975967957276368,512066194484.87646,0.0005267517344812031
154,419724.0,1404.0,4138.0,536795413412.0,0.0021007080878784373,188.0,187559400320.1989,742.0,0.1792703551582508,416932312949.1811,0.0009006991492576615
155,417682.0,95.0,811.0,8504811796.0,0.09081746920492721,119.0,3425580461.5,688.0,0.8472906403940886,5476066005.0,0.17588325652841783
156,369043.0,2591.0,5796.0,1100204669157.0,0.0008636965796363712,1046.0,73174593744.11667,2999.0,0.5173365533896843,512427508393.6146,0.0010599416828453085
157,430997.0,6402.0,15609.0,859509384756.0001,0.00038090053583766714,267.0,39274826043.404366,6773.0,0.433888532991672,395944704819.1272,0.00014594594594594595
158,359318.0,5434.0,8070.0,239522018798.0,0.00027334692683874583,148.0,12601924056.5,5160.0,0.6393259819105439,143166644867.268,0.00020404612391452208
159,355735.0,3585.0,13936.0,871511894420.0,0.0010846284120342698,572.0,57608575232.40477,3350.0,0.24036736743919065,266901943013.3877,0.0004991296112077824
160,403352.0,8000.0,11868.0,3485653199314.0,0.00018546068258532317,1248.0,158734692898.05536,5311.0,0.4474681944561463,1208216247021.6426,0.00019234402223861015
161,424348.0,3829.0,4410.0,313091402574.0,0.0003008716682044552,327.0,51237891616.76294,1695.0,0.38426660621174336,170591993838.58246,0.0002184926022348212
162,393118.0,4501.0,9692.0,805140120137.0,0.0004785109481843541,774.0,71905640274.92424,2944.0,0.303724337150521,377447796536.9819,0.00030061441271231776
163,410015.0,4901.0,13305.0,1886878634306.0,0.0005540310390632483,1187.0,36962450650.0,8398.0,0.6311438448820081,872592328420.8593,0.0006675590226116099
164,426913.0,7303.0,13089.0,2101453405671.0,0.0002454501706899755,1214.0,375075713670.5568,5278.0,0.4032085561497326,1065049086194.6963,0.00023318202207003576
165,425892.0,2401.0,3410.0,1476071557918.0,0.0005917673191725669,297.0,58498724134.83333,1595.0,0.4676048079742011,714386734754.2029,0.000564629551684136
166,435109.0,8212.0,11228.0,1722145019099.0,0.000166516552617362,539.0,167124908885.5,4769.0,0.42470389170896783,824839939196.2732,0.00017397928217984345
167,376230.0,18810.0,25885.0,1106077298287.0,7.316336425301618e-05,367.0,27331592625.910423,17243.0,0.6661129568106312,280106515680.7943,5.752353929976715e-05
168,445867.0,154.0,151.0,9620361777.0,0.006408624055682879,13.0,592611609.7857143,78.0,0.5131578947368421,2074356037.042424,0.009737827715355805
169,393132.0,6006.0,10086.0,1121806855389.0,0.0002796537351075236,1410.0,34831599586.56863,4876.0,0.48339446812729253,441989860716.01013,0.00031206360599363544
170,373679.0,2110.0,8640.0,1007066619952.0,0.0019415773968031388,478.0,139701615755.83334,5785.0,0.6694826987617174,510505218462.7761,0.002608388211998859
171,371120.0,6680.0,33286.0,2274299220341.0,0.0007460599089289605,1153.0,125142239121.75,3717.0,0.11166521464836122,857084322106.946,0.000285696372676115
172,390579.0,3331.0,7685.0,1754842387571.0,0.0006928273214673695,625.0,83310169474.85715,2675.0,0.34803538901899556,744352171924.866,0.0005752610298408079
173,352670.0,2995.0,6007.0,303694226365.0,0.0006698985059713194,538.0,45200781447.73809,3092.0,0.5146471371504661,162626701351.24167,0.00060366391463397
174,411217.0,5927.0,8000.0,1041422268181.0,0.00022776836936239832,909.0,81292300503.15195,3424.0,0.4279465066866642,419001123188.8346,0.00023961077599651037
175,367177.0,774.0,1368.0,272121475449.0,0.002286470712115286,144.0,15394432767.0,540.0,0.3944485025566107,151748206779.70477,0.0018790795806685567
176,391924.0,6456.0,36902.0,2327903697575.0,0.0008855032025163245,1043.0,129068119326.49377,27459.0,0.7440858466791318,1679618889386.523,0.0016807026554732977
177,393146.0,7318.0,45281.0,1284408722987.0,0.0008456497974836722,1447.0,280058330921.48004,39074.0,0.8629035819972616,637566415461.4355,0.0012826260768517323
178,343485.0,1803.0,3628.0,214573412020.0,0.001116649215175349,313.0,11190987465.333332,1638.0,0.45136401212455224,59034312239.246796,0.0010243220071296422
179,403390.0,1566.0,2297.0,370640468836.0,0.0009372488054872103,186.0,71308085517.86667,1001.0,0.4355961705831157,188981200887.46814,0.0008686309918394404
180,420799.0,5583.0,10664.0,3373261567250.0,0.0003421863461358645,1545.0,563823143221.625,6817.0,0.6391936240037506,2080113964217.631,0.00047242023097697944
181,415479.0,1282.0,2071.0,467151517782.0,0.0012610808882003992,335.0,36365734367.5,1070.0,0.5164092664092664,246210449167.76694,0.0011201505340638664
182,398287.0,4358.0,9270.0,1448162092743.0,0.0004882080636383161,579.0,32924279152.809525,3006.0,0.3242368676518175,225479582259.23166,0.00041416827928032903
183,415698.0,6980.0,14512.0,520014995812.0,0.00029790558741307836,643.0,82646336065.26668,10118.0,0.6971680562254531,290455772198.1145,0.0002714695248858255
184,378276.0,1.0,0.0,0.0,0.0,0.0,0.0,0.0,0.0,0.0,0.0
185,434139.0,7821.0,14207.0,1125145859448.0,0.00023229151235885025,646.0,120122685470.62158,5769.0,0.40603885135135137,548841959122.13934,0.00021919750245759034
186,382941.0,4859.0,11816.0,835009854571.0,0.000500571446194797,598.0,20003589358.783966,3813.0,0.3226707286113227,244503249564.63187,0.00032038115245925036
187,361438.0,4572.0,24589.0,1176032470788.0,0.00117658531580949,978.0,131942346080.56543,4668.0,0.18983326555510371,463860545091.2246,0.0005518354553971114
188,411615.0,7331.0,9169.0,2402901859701.0,0.00017062975947512506,1263.0,141319341531.83334,4711.0,0.5137404580152671,833201129850.523,0.00017899051176107836
189,380822.0,3425.0,5376.0,607949082912.0,0.0004584214475748687,629.0,45044821937.25,2322.0,0.43183931560349637,272559663733.39578,0.00045774500907992644
190,373734.0,1803.0,3454.0,423538165283.0,0.0010630943740947232,325.0,42373041145.66667,1983.0,0.5739507959479015,184368213656.35605,0.0011983765318034586
191,428625.0,7700.0,10245.0,1408858704808.0,0.0001728171815196104,989.0,149911353413.27777,5093.0,0.4970720281085302,634586963809.1061,0.00022387478404068862
192,354796.0,1926.0,9115.0,131191768637.0,0.0024584968510202154,218.0,14861222541.0,7852.0,0.861342694164107,73603988682.31078,0.0026942055927563174
193,431599.0,5029.0,9308.0,1243597280748.0,0.0003681115718174287,1071.0,114069676128.25856,4462.0,0.4793210871199914,717242264412.3286,0.00040338936710449354
194,437232.0,8937.0,15075.0,8795518996427.0,0.00018876540438395536,504.0,461055843055.22974,8264.0,0.5481560095516052,4366185262041.206,0.000295252250418271
195,404977.0,6959.0,14712.0,3424536614132.0,0.000303836857286019,1292.0,297682130337.86664,9779.0,0.6646503092503229,1344633541629.9102,0.0004981005660328935
196,369650.0,2050.0,7431.0,812942304062.0,0.0017690961682676855,312.0,58490234303.61905,1523.0,0.20492465016146394,337668767879.0802,0.0008863125488663018
197,403198.0,1.0,0.0,0.0,0.0,0.0,0.0,0.0,0.0,0.0,0.0
198,380671.0,1004.0,1542.0,230856857011.0,0.001531262785349132,27.0,12088908046.833334,756.0,0.4899546338302009,98694264007.66034,0.00169734952343648
199,420949.0,1326.0,2058.0,457083251118.0,0.0011713480747886963,99.0,22949347429.833336,639.0,0.3103448275862069,275318591023.7129,0.0006140632135327095
